player_id,player_name,image_url
1630552,Jalen Johnson,https://ak-static.cms.nba.com/wp-content/uploads/headshots/nba/latest/260x190/1630552.png
1630811,Keaton Wallace,https://ak-static.cms.nba.com/wp-content/uploads/headshots/nba/latest/260x190/1630811.png
1641723,Kobe Bufkin,https://ak-static.cms.nba.com/wp-content/uploads/headshots/nba/latest/260x190/1641723.png
1630700,Dyson Daniels,https://ak-static.cms.nba.com/wp-content/uploads/headshots/nba/latest/260x190/1630700.png
1631223,David Roddy,https://ak-static.cms.nba.com/wp-content/uploads/headshots/nba/latest/260x190/1631223.png
1642258,Zaccharie Risacher,https://ak-static.cms.nba.com/wp-content/uploads/headshots/nba/latest/260x190/1642258.png
1629027,Trae Young,https://ak-static.cms.nba.com/wp-content/uploads/headshots/nba/latest/260x190/1629027.png
1629631,De'Andre Hunter,https://ak-static.cms.nba.com/wp-content/uploads/headshots/nba/latest/260x190/1629631.png
203992,Bogdan Bogdanović,https://ak-static.cms.nba.com/wp-content/uploads/headshots/nba/latest/260x190/203992.png
203991,Clint Capela,https://ak-static.cms.nba.com/wp-content/uploads/headshots/nba/latest/260x190/203991.png
1630168,Onyeka Okongwu,https://ak-static.cms.nba.com/wp-content/uploads/headshots/nba/latest/260x190/1630168.png
1631243,Mouhamed Gueye,https://ak-static.cms.nba.com/wp-content/uploads/headshots/nba/latest/260x190/1631243.png
1626204,Larry Nance Jr.,https://ak-static.cms.nba.com/wp-content/uploads/headshots/nba/latest/260x190/1626204.png
1629726,Garrison Mathews,https://ak-static.cms.nba.com/wp-content/uploads/headshots/nba/latest/260x190/1629726.png
1631230,Dominick Barlow,https://ak-static.cms.nba.com/wp-content/uploads/headshots/nba/latest/260x190/1631230.png
1630249,Vít Krejčí,https://ak-static.cms.nba.com/wp-content/uploads/headshots/nba/latest/260x190/1630249.png
1631342,Daeqwon Plowden,https://ak-static.cms.nba.com/wp-content/uploads/headshots/nba/latest/260x190/1631342.png
203469,Cody Zeller,https://ak-static.cms.nba.com/wp-content/uploads/headshots/nba/latest/260x190/203469.png
1628369,Jayson Tatum,https://ak-static.cms.nba.com/wp-content/uploads/headshots/nba/latest/260x190/1628369.png
201950,Jrue Holiday,https://ak-static.cms.nba.com/wp-content/uploads/headshots/nba/latest/260x190/201950.png
1627759,Jaylen Brown,https://ak-static.cms.nba.com/wp-content/uploads/headshots/nba/latest/260x190/1627759.png
204001,Kristaps Porziņģis,https://ak-static.cms.nba.com/wp-content/uploads/headshots/nba/latest/260x190/204001.png
1628401,Derrick White,https://ak-static.cms.nba.com/wp-content/uploads/headshots/nba/latest/260x190/1628401.png
1630202,Payton Pritchard,https://ak-static.cms.nba.com/wp-content/uploads/headshots/nba/latest/260x190/1630202.png
1641809,Drew Peterson,https://ak-static.cms.nba.com/wp-content/uploads/headshots/nba/latest/260x190/1641809.png
1631120,JD Davison,https://ak-static.cms.nba.com/wp-content/uploads/headshots/nba/latest/260x190/1631120.png
1630214,Xavier Tillman,https://ak-static.cms.nba.com/wp-content/uploads/headshots/nba/latest/260x190/1630214.png
1641775,Jordan Walsh,https://ak-static.cms.nba.com/wp-content/uploads/headshots/nba/latest/260x190/1641775.png
1641817,Anton Watson,https://ak-static.cms.nba.com/wp-content/uploads/headshots/nba/latest/260x190/1641817.png
1630573,Sam Hauser,https://ak-static.cms.nba.com/wp-content/uploads/headshots/nba/latest/260x190/1630573.png
1628436,Luke Kornet,https://ak-static.cms.nba.com/wp-content/uploads/headshots/nba/latest/260x190/1628436.png
201143,Al Horford,https://ak-static.cms.nba.com/wp-content/uploads/headshots/nba/latest/260x190/201143.png
1630531,Jaden Springer,https://ak-static.cms.nba.com/wp-content/uploads/headshots/nba/latest/260x190/1630531.png
1631248,Baylor Scheierman,https://ak-static.cms.nba.com/wp-content/uploads/headshots/nba/latest/260x190/1631248.png
1629674,Neemias Queta,https://ak-static.cms.nba.com/wp-content/uploads/headshots/nba/latest/260x190/1629674.png
1641727,Dariq Whitehead,https://ak-static.cms.nba.com/wp-content/uploads/headshots/nba/latest/260x190/1641727.png
1626156,D'Angelo Russell,https://ak-static.cms.nba.com/wp-content/uploads/headshots/nba/latest/260x190/1626156.png
1629661,Cameron Johnson,https://ak-static.cms.nba.com/wp-content/uploads/headshots/nba/latest/260x190/1629661.png
1641736,Reece Beekman,https://ak-static.cms.nba.com/wp-content/uploads/headshots/nba/latest/260x190/1641736.png
1630533,Ziaire Williams,https://ak-static.cms.nba.com/wp-content/uploads/headshots/nba/latest/260x190/1630533.png
1630570,Trendon Watford,https://ak-static.cms.nba.com/wp-content/uploads/headshots/nba/latest/260x190/1630570.png
1627732,Ben Simmons,https://ak-static.cms.nba.com/wp-content/uploads/headshots/nba/latest/260x190/1627732.png
1641787,Tosan Evbuomwan,https://ak-static.cms.nba.com/wp-content/uploads/headshots/nba/latest/260x190/1641787.png
1631213,Tyrese Martin,https://ak-static.cms.nba.com/wp-content/uploads/headshots/nba/latest/260x190/1631213.png
1629001,De'Anthony Melton,https://ak-static.cms.nba.com/wp-content/uploads/headshots/nba/latest/260x190/1629001.png
1630549,Day'Ron Sharpe,https://ak-static.cms.nba.com/wp-content/uploads/headshots/nba/latest/260x190/1630549.png
1641730,Noah Clowney,https://ak-static.cms.nba.com/wp-content/uploads/headshots/nba/latest/260x190/1641730.png
1630592,Jalen Wilson,https://ak-static.cms.nba.com/wp-content/uploads/headshots/nba/latest/260x190/1630592.png
1630560,Cam Thomas,https://ak-static.cms.nba.com/wp-content/uploads/headshots/nba/latest/260x190/1630560.png
1641721,Maxwell Lewis,https://ak-static.cms.nba.com/wp-content/uploads/headshots/nba/latest/260x190/1641721.png
1629651,Nic Claxton,https://ak-static.cms.nba.com/wp-content/uploads/headshots/nba/latest/260x190/1629651.png
202711,Bojan Bogdanović,https://ak-static.cms.nba.com/wp-content/uploads/headshots/nba/latest/260x190/202711.png
1630553,Keon Johnson,https://ak-static.cms.nba.com/wp-content/uploads/headshots/nba/latest/260x190/1630553.png
1628970,Miles Bridges,https://ak-static.cms.nba.com/wp-content/uploads/headshots/nba/latest/260x190/1628970.png
1630163,LaMelo Ball,https://ak-static.cms.nba.com/wp-content/uploads/headshots/nba/latest/260x190/1630163.png
1629684,Grant Williams,https://ak-static.cms.nba.com/wp-content/uploads/headshots/nba/latest/260x190/1629684.png
1629610,DaQuan Jeffries,https://ak-static.cms.nba.com/wp-content/uploads/headshots/nba/latest/260x190/1629610.png
1630208,Nick Richards,https://ak-static.cms.nba.com/wp-content/uploads/headshots/nba/latest/260x190/1630208.png
1631109,Mark Williams,https://ak-static.cms.nba.com/wp-content/uploads/headshots/nba/latest/260x190/1631109.png
1641733,Nick Smith Jr.,https://ak-static.cms.nba.com/wp-content/uploads/headshots/nba/latest/260x190/1641733.png
1630182,Josh Green,https://ak-static.cms.nba.com/wp-content/uploads/headshots/nba/latest/260x190/1630182.png
1628998,Cody Martin,https://ak-static.cms.nba.com/wp-content/uploads/headshots/nba/latest/260x190/1628998.png
1631217,Moussa Diabaté,https://ak-static.cms.nba.com/wp-content/uploads/headshots/nba/latest/260x190/1631217.png
1631209,Isaiah Wong,https://ak-static.cms.nba.com/wp-content/uploads/headshots/nba/latest/260x190/1631209.png
203995,Vasilije Micić,https://ak-static.cms.nba.com/wp-content/uploads/headshots/nba/latest/260x190/203995.png
1630544,Tre Mann,https://ak-static.cms.nba.com/wp-content/uploads/headshots/nba/latest/260x190/1630544.png
1641706,Brandon Miller,https://ak-static.cms.nba.com/wp-content/uploads/headshots/nba/latest/260x190/1641706.png
1642354,KJ Simpson,https://ak-static.cms.nba.com/wp-content/uploads/headshots/nba/latest/260x190/1642354.png
203552,Seth Curry,https://ak-static.cms.nba.com/wp-content/uploads/headshots/nba/latest/260x190/203552.png
1642275,Tidjane Salaün,https://ak-static.cms.nba.com/wp-content/uploads/headshots/nba/latest/260x190/1642275.png
201959,Taj Gibson,https://ak-static.cms.nba.com/wp-content/uploads/headshots/nba/latest/260x190/201959.png
1629632,Coby White,https://ak-static.cms.nba.com/wp-content/uploads/headshots/nba/latest/260x190/1629632.png
1628366,Lonzo Ball,https://ak-static.cms.nba.com/wp-content/uploads/headshots/nba/latest/260x190/1628366.png
1630581,Josh Giddey,https://ak-static.cms.nba.com/wp-content/uploads/headshots/nba/latest/260x190/1630581.png
1628975,Jevon Carter,https://ak-static.cms.nba.com/wp-content/uploads/headshots/nba/latest/260x190/1628975.png
1630188,Jalen Smith,https://ak-static.cms.nba.com/wp-content/uploads/headshots/nba/latest/260x190/1630188.png
203897,Zach LaVine,https://ak-static.cms.nba.com/wp-content/uploads/headshots/nba/latest/260x190/203897.png
202696,Nikola Vučević,https://ak-static.cms.nba.com/wp-content/uploads/headshots/nba/latest/260x190/202696.png
1630245,Ayo Dosunmu,https://ak-static.cms.nba.com/wp-content/uploads/headshots/nba/latest/260x190/1630245.png
1628470,Torrey Craig,https://ak-static.cms.nba.com/wp-content/uploads/headshots/nba/latest/260x190/1628470.png
1641824,Matas Buzelis,https://ak-static.cms.nba.com/wp-content/uploads/headshots/nba/latest/260x190/1641824.png
1641763,Julian Phillips,https://ak-static.cms.nba.com/wp-content/uploads/headshots/nba/latest/260x190/1641763.png
1641801,Emanuel Miller,https://ak-static.cms.nba.com/wp-content/uploads/headshots/nba/latest/260x190/1641801.png
1641766,Adama Sanogo,https://ak-static.cms.nba.com/wp-content/uploads/headshots/nba/latest/260x190/1641766.png
1629659,Talen Horton-Tucker,https://ak-static.cms.nba.com/wp-content/uploads/headshots/nba/latest/260x190/1629659.png
1631207,Dalen Terry,https://ak-static.cms.nba.com/wp-content/uploads/headshots/nba/latest/260x190/1631207.png
1630537,Chris Duarte,https://ak-static.cms.nba.com/wp-content/uploads/headshots/nba/latest/260x190/1630537.png
1630604,E.J. Liddell,https://ak-static.cms.nba.com/wp-content/uploads/headshots/nba/latest/260x190/1630604.png
1630172,Patrick Williams,https://ak-static.cms.nba.com/wp-content/uploads/headshots/nba/latest/260x190/1630172.png
1629622,Max Strus,https://ak-static.cms.nba.com/wp-content/uploads/headshots/nba/latest/260x190/1629622.png
1629660,Ty Jerome,https://ak-static.cms.nba.com/wp-content/uploads/headshots/nba/latest/260x190/1629660.png
1627747,Caris LeVert,https://ak-static.cms.nba.com/wp-content/uploads/headshots/nba/latest/260x190/1627747.png
1630596,Evan Mobley,https://ak-static.cms.nba.com/wp-content/uploads/headshots/nba/latest/260x190/1630596.png
1630241,Sam Merrill,https://ak-static.cms.nba.com/wp-content/uploads/headshots/nba/latest/260x190/1630241.png
1641854,Craig Porter Jr.,https://ak-static.cms.nba.com/wp-content/uploads/headshots/nba/latest/260x190/1641854.png
1629636,Darius Garland,https://ak-static.cms.nba.com/wp-content/uploads/headshots/nba/latest/260x190/1629636.png
202684,Tristan Thompson,https://ak-static.cms.nba.com/wp-content/uploads/headshots/nba/latest/260x190/202684.png
1630550,JT Thor,https://ak-static.cms.nba.com/wp-content/uploads/headshots/nba/latest/260x190/1630550.png
1627777,Georges Niang,https://ak-static.cms.nba.com/wp-content/uploads/headshots/nba/latest/260x190/1627777.png
1641734,Emoni Bates,https://ak-static.cms.nba.com/wp-content/uploads/headshots/nba/latest/260x190/1641734.png
1642281,Jaylon Tyson,https://ak-static.cms.nba.com/wp-content/uploads/headshots/nba/latest/260x190/1642281.png
1628386,Jarrett Allen,https://ak-static.cms.nba.com/wp-content/uploads/headshots/nba/latest/260x190/1628386.png
1629731,Dean Wade,https://ak-static.cms.nba.com/wp-content/uploads/headshots/nba/latest/260x190/1629731.png
1631247,Luke Travers,https://ak-static.cms.nba.com/wp-content/uploads/headshots/nba/latest/260x190/1631247.png
1630171,Isaac Okoro,https://ak-static.cms.nba.com/wp-content/uploads/headshots/nba/latest/260x190/1630171.png
1628378,Donovan Mitchell,https://ak-static.cms.nba.com/wp-content/uploads/headshots/nba/latest/260x190/1628378.png
203957,Danté Exum,https://ak-static.cms.nba.com/wp-content/uploads/headshots/nba/latest/260x190/203957.png
1641789,Jazian Gortman,https://ak-static.cms.nba.com/wp-content/uploads/headshots/nba/latest/260x190/1641789.png
1630702,Jaden Hardy,https://ak-static.cms.nba.com/wp-content/uploads/headshots/nba/latest/260x190/1630702.png
1641726,Dereck Lively II,https://ak-static.cms.nba.com/wp-content/uploads/headshots/nba/latest/260x190/1641726.png
1629656,Quentin Grimes,https://ak-static.cms.nba.com/wp-content/uploads/headshots/nba/latest/260x190/1629656.png
203939,Dwight Powell,https://ak-static.cms.nba.com/wp-content/uploads/headshots/nba/latest/260x190/203939.png
1641765,Olivier-Maxence Prosper,https://ak-static.cms.nba.com/wp-content/uploads/headshots/nba/latest/260x190/1641765.png
1630314,Brandon Williams,https://ak-static.cms.nba.com/wp-content/uploads/headshots/nba/latest/260x190/1630314.png
202681,Kyrie Irving,https://ak-static.cms.nba.com/wp-content/uploads/headshots/nba/latest/260x190/202681.png
1630230,Naji Marshall,https://ak-static.cms.nba.com/wp-content/uploads/headshots/nba/latest/260x190/1630230.png
1630556,Kessler Edwards,https://ak-static.cms.nba.com/wp-content/uploads/headshots/nba/latest/260x190/1630556.png
1629655,Daniel Gafford,https://ak-static.cms.nba.com/wp-content/uploads/headshots/nba/latest/260x190/1629655.png
1629023,P.J. Washington,https://ak-static.cms.nba.com/wp-content/uploads/headshots/nba/latest/260x190/1629023.png
203915,Spencer Dinwiddie,https://ak-static.cms.nba.com/wp-content/uploads/headshots/nba/latest/260x190/203915.png
202691,Klay Thompson,https://ak-static.cms.nba.com/wp-content/uploads/headshots/nba/latest/260x190/202691.png
1628467,Maxi Kleber,https://ak-static.cms.nba.com/wp-content/uploads/headshots/nba/latest/260x190/1628467.png
1629029,Luka Dončić,https://ak-static.cms.nba.com/wp-content/uploads/headshots/nba/latest/260x190/1629029.png
202693,Markieff Morris,https://ak-static.cms.nba.com/wp-content/uploads/headshots/nba/latest/260x190/202693.png
1631128,Christian Braun,https://ak-static.cms.nba.com/wp-content/uploads/headshots/nba/latest/260x190/1631128.png
1629008,Michael Porter Jr.,https://ak-static.cms.nba.com/wp-content/uploads/headshots/nba/latest/260x190/1629008.png
1631124,Julian Strawther,https://ak-static.cms.nba.com/wp-content/uploads/headshots/nba/latest/260x190/1631124.png
201566,Russell Westbrook,https://ak-static.cms.nba.com/wp-content/uploads/headshots/nba/latest/260x190/201566.png
1641816,Hunter Tyson,https://ak-static.cms.nba.com/wp-content/uploads/headshots/nba/latest/260x190/1641816.png
201599,DeAndre Jordan,https://ak-static.cms.nba.com/wp-content/uploads/headshots/nba/latest/260x190/201599.png
1631212,Peyton Watson,https://ak-static.cms.nba.com/wp-content/uploads/headshots/nba/latest/260x190/1631212.png
203967,Dario Šarić,https://ak-static.cms.nba.com/wp-content/uploads/headshots/nba/latest/260x190/203967.png
1641790,PJ Hall,https://ak-static.cms.nba.com/wp-content/uploads/headshots/nba/latest/260x190/1641790.png
1641747,DaRon Holmes II,https://ak-static.cms.nba.com/wp-content/uploads/headshots/nba/latest/260x190/1641747.png
203999,Nikola Jokić,https://ak-static.cms.nba.com/wp-content/uploads/headshots/nba/latest/260x190/203999.png
1642461,Spencer Jones,https://ak-static.cms.nba.com/wp-content/uploads/headshots/nba/latest/260x190/1642461.png
1630192,Zeke Nnaji,https://ak-static.cms.nba.com/wp-content/uploads/headshots/nba/latest/260x190/1630192.png
1641725,Trey Alexander,https://ak-static.cms.nba.com/wp-content/uploads/headshots/nba/latest/260x190/1641725.png
1629618,Jalen Pickett,https://ak-static.cms.nba.com/wp-content/uploads/headshots/nba/latest/260x190/1629618.png
1627750,Jamal Murray,https://ak-static.cms.nba.com/wp-content/uploads/headshots/nba/latest/260x190/1627750.png
1628427,Vlatko Čančar,https://ak-static.cms.nba.com/wp-content/uploads/headshots/nba/latest/260x190/1628427.png
203932,Aaron Gordon,https://ak-static.cms.nba.com/wp-content/uploads/headshots/nba/latest/260x190/203932.png
1631105,Jalen Duren,https://ak-static.cms.nba.com/wp-content/uploads/headshots/nba/latest/260x190/1631105.png
1641842,Ronald Holland II,https://ak-static.cms.nba.com/wp-content/uploads/headshots/nba/latest/260x190/1641842.png
1630595,Cade Cunningham,https://ak-static.cms.nba.com/wp-content/uploads/headshots/nba/latest/260x190/1630595.png
1627736,Malik Beasley,https://ak-static.cms.nba.com/wp-content/uploads/headshots/nba/latest/260x190/1627736.png
1630194,Paul Reed,https://ak-static.cms.nba.com/wp-content/uploads/headshots/nba/latest/260x190/1630194.png
203501,Tim Hardaway Jr.,https://ak-static.cms.nba.com/wp-content/uploads/headshots/nba/latest/260x190/203501.png
1641709,Ausar Thompson,https://ak-static.cms.nba.com/wp-content/uploads/headshots/nba/latest/260x190/1641709.png
202699,Tobias Harris,https://ak-static.cms.nba.com/wp-content/uploads/headshots/nba/latest/260x190/202699.png
1631199,Ron Harper Jr.,https://ak-static.cms.nba.com/wp-content/uploads/headshots/nba/latest/260x190/1631199.png
1631111,Wendell Moore Jr.,https://ak-static.cms.nba.com/wp-content/uploads/headshots/nba/latest/260x190/1631111.png
1631323,Simone Fontecchio,https://ak-static.cms.nba.com/wp-content/uploads/headshots/nba/latest/260x190/1631323.png
1631093,Jaden Ivey,https://ak-static.cms.nba.com/wp-content/uploads/headshots/nba/latest/260x190/1631093.png
1642450,Daniss Jenkins,https://ak-static.cms.nba.com/wp-content/uploads/headshots/nba/latest/260x190/1642450.png
1631204,Marcus Sasser,https://ak-static.cms.nba.com/wp-content/uploads/headshots/nba/latest/260x190/1631204.png
1630191,Isaiah Stewart,https://ak-static.cms.nba.com/wp-content/uploads/headshots/nba/latest/260x190/1630191.png
1641752,Bobi Klintman,https://ak-static.cms.nba.com/wp-content/uploads/headshots/nba/latest/260x190/1641752.png
1642449,Tolu Smith,https://ak-static.cms.nba.com/wp-content/uploads/headshots/nba/latest/260x190/1642449.png
1627780,Gary Payton II,https://ak-static.cms.nba.com/wp-content/uploads/headshots/nba/latest/260x190/1627780.png
1630228,Jonathan Kuminga,https://ak-static.cms.nba.com/wp-content/uploads/headshots/nba/latest/260x190/1630228.png
203937,Kyle Anderson,https://ak-static.cms.nba.com/wp-content/uploads/headshots/nba/latest/260x190/203937.png
1641764,Brandin Podziemski,https://ak-static.cms.nba.com/wp-content/uploads/headshots/nba/latest/260x190/1641764.png
1630541,Moses Moody,https://ak-static.cms.nba.com/wp-content/uploads/headshots/nba/latest/260x190/1630541.png
1626172,Kevon Looney,https://ak-static.cms.nba.com/wp-content/uploads/headshots/nba/latest/260x190/1626172.png
1627741,Buddy Hield,https://ak-static.cms.nba.com/wp-content/uploads/headshots/nba/latest/260x190/1627741.png
1630611,Gui Santos,https://ak-static.cms.nba.com/wp-content/uploads/headshots/nba/latest/260x190/1630611.png
1642366,Quinten Post,https://ak-static.cms.nba.com/wp-content/uploads/headshots/nba/latest/260x190/1642366.png
203952,Andrew Wiggins,https://ak-static.cms.nba.com/wp-content/uploads/headshots/nba/latest/260x190/203952.png
203110,Draymond Green,https://ak-static.cms.nba.com/wp-content/uploads/headshots/nba/latest/260x190/203110.png
201939,Stephen Curry,https://ak-static.cms.nba.com/wp-content/uploads/headshots/nba/latest/260x190/201939.png
1631218,Trayce Jackson-Davis,https://ak-static.cms.nba.com/wp-content/uploads/headshots/nba/latest/260x190/1631218.png
1630322,Lindy Waters III,https://ak-static.cms.nba.com/wp-content/uploads/headshots/nba/latest/260x190/1630322.png
1630311,Pat Spencer,https://ak-static.cms.nba.com/wp-content/uploads/headshots/nba/latest/260x190/1630311.png
203471,Dennis Schröder,https://ak-static.cms.nba.com/wp-content/uploads/headshots/nba/latest/260x190/203471.png
1628988,Aaron Holiday,https://ak-static.cms.nba.com/wp-content/uploads/headshots/nba/latest/260x190/1628988.png
1641708,Amen Thompson,https://ak-static.cms.nba.com/wp-content/uploads/headshots/nba/latest/260x190/1641708.png
1629111,Jock Landale,https://ak-static.cms.nba.com/wp-content/uploads/headshots/nba/latest/260x190/1629111.png
1642368,N'Faly Dante,https://ak-static.cms.nba.com/wp-content/uploads/headshots/nba/latest/260x190/1642368.png
1630224,Jalen Green,https://ak-static.cms.nba.com/wp-content/uploads/headshots/nba/latest/260x190/1630224.png
1627832,Fred VanVleet,https://ak-static.cms.nba.com/wp-content/uploads/headshots/nba/latest/260x190/1627832.png
1641715,Cam Whitmore,https://ak-static.cms.nba.com/wp-content/uploads/headshots/nba/latest/260x190/1641715.png
1630256,Jae'Sean Tate,https://ak-static.cms.nba.com/wp-content/uploads/headshots/nba/latest/260x190/1630256.png
1628415,Dillon Brooks,https://ak-static.cms.nba.com/wp-content/uploads/headshots/nba/latest/260x190/1628415.png
1631095,Jabari Smith Jr.,https://ak-static.cms.nba.com/wp-content/uploads/headshots/nba/latest/260x190/1631095.png
203500,Steven Adams,https://ak-static.cms.nba.com/wp-content/uploads/headshots/nba/latest/260x190/203500.png
1642263,Reed Sheppard,https://ak-static.cms.nba.com/wp-content/uploads/headshots/nba/latest/260x190/1642263.png
1631106,Tari Eason,https://ak-static.cms.nba.com/wp-content/uploads/headshots/nba/latest/260x190/1631106.png
1631466,Nate Williams,https://ak-static.cms.nba.com/wp-content/uploads/headshots/nba/latest/260x190/1631466.png
1630578,Alperen Sengun,https://ak-static.cms.nba.com/wp-content/uploads/headshots/nba/latest/260x190/1630578.png
201145,Jeff Green,https://ak-static.cms.nba.com/wp-content/uploads/headshots/nba/latest/260x190/201145.png
1629098,Jack McVeigh,https://ak-static.cms.nba.com/wp-content/uploads/headshots/nba/latest/260x190/1629098.png
1630169,Tyrese Haliburton,https://ak-static.cms.nba.com/wp-content/uploads/headshots/nba/latest/260x190/1630169.png
1631097,Bennedict Mathurin,https://ak-static.cms.nba.com/wp-content/uploads/headshots/nba/latest/260x190/1631097.png
1630167,Obi Toppin,https://ak-static.cms.nba.com/wp-content/uploads/headshots/nba/latest/260x190/1630167.png
1629614,Andrew Nembhard,https://ak-static.cms.nba.com/wp-content/uploads/headshots/nba/latest/260x190/1629614.png
1628418,Thomas Bryant,https://ak-static.cms.nba.com/wp-content/uploads/headshots/nba/latest/260x190/1628418.png
1641716,Jarace Walker,https://ak-static.cms.nba.com/wp-content/uploads/headshots/nba/latest/260x190/1641716.png
1642402,Enrique Freeman,https://ak-static.cms.nba.com/wp-content/uploads/headshots/nba/latest/260x190/1642402.png
204456,T.J. McConnell,https://ak-static.cms.nba.com/wp-content/uploads/headshots/nba/latest/260x190/204456.png
1642484,RayJ Dennis,https://ak-static.cms.nba.com/wp-content/uploads/headshots/nba/latest/260x190/1642484.png
1642277,Johnny Furphy,https://ak-static.cms.nba.com/wp-content/uploads/headshots/nba/latest/260x190/1642277.png
1630164,James Wiseman,https://ak-static.cms.nba.com/wp-content/uploads/headshots/nba/latest/260x190/1630164.png
201949,James Johnson,https://ak-static.cms.nba.com/wp-content/uploads/headshots/nba/latest/260x190/201949.png
1630543,Isaiah Jackson,https://ak-static.cms.nba.com/wp-content/uploads/headshots/nba/latest/260x190/1630543.png
1630174,Aaron Nesmith,https://ak-static.cms.nba.com/wp-content/uploads/headshots/nba/latest/260x190/1630174.png
1641767,Ben Sheppard,https://ak-static.cms.nba.com/wp-content/uploads/headshots/nba/latest/260x190/1641767.png
1631245,Quenton Jackson,https://ak-static.cms.nba.com/wp-content/uploads/headshots/nba/latest/260x190/1631245.png
1626167,Myles Turner,https://ak-static.cms.nba.com/wp-content/uploads/headshots/nba/latest/260x190/1626167.png
1627783,Pascal Siakam,https://ak-static.cms.nba.com/wp-content/uploads/headshots/nba/latest/260x190/1627783.png
201935,James Harden,https://ak-static.cms.nba.com/wp-content/uploads/headshots/nba/latest/260x190/201935.png
202695,Kawhi Leonard,https://ak-static.cms.nba.com/wp-content/uploads/headshots/nba/latest/260x190/202695.png
1628964,Mo Bamba,https://ak-static.cms.nba.com/wp-content/uploads/headshots/nba/latest/260x190/1628964.png
1630538,Bones Hyland,https://ak-static.cms.nba.com/wp-content/uploads/headshots/nba/latest/260x190/1630538.png
1629599,Amir Coffey,https://ak-static.cms.nba.com/wp-content/uploads/headshots/nba/latest/260x190/1629599.png
1627739,Kris Dunn,https://ak-static.cms.nba.com/wp-content/uploads/headshots/nba/latest/260x190/1627739.png
1642280,Trentyn Flowers,https://ak-static.cms.nba.com/wp-content/uploads/headshots/nba/latest/260x190/1642280.png
1641757,Jordan Miller,https://ak-static.cms.nba.com/wp-content/uploads/headshots/nba/latest/260x190/1641757.png
1642353,Cam Christie,https://ak-static.cms.nba.com/wp-content/uploads/headshots/nba/latest/260x190/1642353.png
1629611,Terance Mann,https://ak-static.cms.nba.com/wp-content/uploads/headshots/nba/latest/260x190/1629611.png
200782,P.J. Tucker,https://ak-static.cms.nba.com/wp-content/uploads/headshots/nba/latest/260x190/200782.png
1641738,Kobe Brown,https://ak-static.cms.nba.com/wp-content/uploads/headshots/nba/latest/260x190/1641738.png
1630539,Kai Jones,https://ak-static.cms.nba.com/wp-content/uploads/headshots/nba/latest/260x190/1630539.png
1626181,Norman Powell,https://ak-static.cms.nba.com/wp-content/uploads/headshots/nba/latest/260x190/1626181.png
201587,Nicolas Batum,https://ak-static.cms.nba.com/wp-content/uploads/headshots/nba/latest/260x190/201587.png
1627826,Ivica Zubac,https://ak-static.cms.nba.com/wp-content/uploads/headshots/nba/latest/260x190/1627826.png
1627884,Derrick Jones Jr.,https://ak-static.cms.nba.com/wp-content/uploads/headshots/nba/latest/260x190/1627884.png
1629645,Kevin Porter Jr.,https://ak-static.cms.nba.com/wp-content/uploads/headshots/nba/latest/260x190/1629645.png
1641720,Jalen Hood-Schifino,https://ak-static.cms.nba.com/wp-content/uploads/headshots/nba/latest/260x190/1641720.png
1629020,Jarred Vanderbilt,https://ak-static.cms.nba.com/wp-content/uploads/headshots/nba/latest/260x190/1629020.png
203076,Anthony Davis,https://ak-static.cms.nba.com/wp-content/uploads/headshots/nba/latest/260x190/203076.png
1642261,Dalton Knecht,https://ak-static.cms.nba.com/wp-content/uploads/headshots/nba/latest/260x190/1642261.png
1629629,Cam Reddish,https://ak-static.cms.nba.com/wp-content/uploads/headshots/nba/latest/260x190/1629629.png
1629216,Gabe Vincent,https://ak-static.cms.nba.com/wp-content/uploads/headshots/nba/latest/260x190/1629216.png
1642355,Bronny James,https://ak-static.cms.nba.com/wp-content/uploads/headshots/nba/latest/260x190/1642355.png
1631132,Christian Koloko,https://ak-static.cms.nba.com/wp-content/uploads/headshots/nba/latest/260x190/1631132.png
1629637,Jaxson Hayes,https://ak-static.cms.nba.com/wp-content/uploads/headshots/nba/latest/260x190/1629637.png
1631108,Max Christie,https://ak-static.cms.nba.com/wp-content/uploads/headshots/nba/latest/260x190/1631108.png
1630559,Austin Reaves,https://ak-static.cms.nba.com/wp-content/uploads/headshots/nba/latest/260x190/1630559.png
1627827,Dorian Finney-Smith,https://ak-static.cms.nba.com/wp-content/uploads/headshots/nba/latest/260x190/1627827.png
1629003,Shake Milton,https://ak-static.cms.nba.com/wp-content/uploads/headshots/nba/latest/260x190/1629003.png
2544,LeBron James,https://ak-static.cms.nba.com/wp-content/uploads/headshots/nba/latest/260x190/2544.png
1629060,Rui Hachimura,https://ak-static.cms.nba.com/wp-content/uploads/headshots/nba/latest/260x190/1629060.png
1626174,Christian Wood,https://ak-static.cms.nba.com/wp-content/uploads/headshots/nba/latest/260x190/1626174.png
1642439,Quincy Olivari,https://ak-static.cms.nba.com/wp-content/uploads/headshots/nba/latest/260x190/1642439.png
1642422,Armel Traoré,https://ak-static.cms.nba.com/wp-content/uploads/headshots/nba/latest/260x190/1642422.png
1642389,Zyon Pullin,https://ak-static.cms.nba.com/wp-content/uploads/headshots/nba/latest/260x190/1642389.png
1642377,Jaylen Wells,https://ak-static.cms.nba.com/wp-content/uploads/headshots/nba/latest/260x190/1642377.png
1630590,Scotty Pippen Jr.,https://ak-static.cms.nba.com/wp-content/uploads/headshots/nba/latest/260x190/1630590.png
1631222,Jake LaRavia,https://ak-static.cms.nba.com/wp-content/uploads/headshots/nba/latest/260x190/1631222.png
1631246,Vince Williams Jr.,https://ak-static.cms.nba.com/wp-content/uploads/headshots/nba/latest/260x190/1631246.png
1630583,Santi Aldama,https://ak-static.cms.nba.com/wp-content/uploads/headshots/nba/latest/260x190/1630583.png
1628379,Luke Kennard,https://ak-static.cms.nba.com/wp-content/uploads/headshots/nba/latest/260x190/1628379.png
1629630,Ja Morant,https://ak-static.cms.nba.com/wp-content/uploads/headshots/nba/latest/260x190/1629630.png
1628991,Jaren Jackson Jr.,https://ak-static.cms.nba.com/wp-content/uploads/headshots/nba/latest/260x190/1628991.png
1641744,Zach Edey,https://ak-static.cms.nba.com/wp-content/uploads/headshots/nba/latest/260x190/1641744.png
1629634,Brandon Clarke,https://ak-static.cms.nba.com/wp-content/uploads/headshots/nba/latest/260x190/1629634.png
1642530,Yuki Kawamura,https://ak-static.cms.nba.com/wp-content/uploads/headshots/nba/latest/260x190/1642530.png
1630217,Desmond Bane,https://ak-static.cms.nba.com/wp-content/uploads/headshots/nba/latest/260x190/1630217.png
1642285,Cam Spencer,https://ak-static.cms.nba.com/wp-content/uploads/headshots/nba/latest/260x190/1642285.png
1630643,Jay Huff,https://ak-static.cms.nba.com/wp-content/uploads/headshots/nba/latest/260x190/1630643.png
203935,Marcus Smart,https://ak-static.cms.nba.com/wp-content/uploads/headshots/nba/latest/260x190/203935.png
1641713,GG Jackson,https://ak-static.cms.nba.com/wp-content/uploads/headshots/nba/latest/260x190/1641713.png
1629723,John Konchar,https://ak-static.cms.nba.com/wp-content/uploads/headshots/nba/latest/260x190/1629723.png
1641815,Isaiah Stevens,https://ak-static.cms.nba.com/wp-content/uploads/headshots/nba/latest/260x190/1641815.png
1626196,Josh Richardson,https://ak-static.cms.nba.com/wp-content/uploads/headshots/nba/latest/260x190/1626196.png
1626179,Terry Rozier,https://ak-static.cms.nba.com/wp-content/uploads/headshots/nba/latest/260x190/1626179.png
1631107,Nikola Jović,https://ak-static.cms.nba.com/wp-content/uploads/headshots/nba/latest/260x190/1631107.png
1642276,Kel'el Ware,https://ak-static.cms.nba.com/wp-content/uploads/headshots/nba/latest/260x190/1642276.png
1630528,Josh Christopher,https://ak-static.cms.nba.com/wp-content/uploads/headshots/nba/latest/260x190/1630528.png
1641796,Pelle Larsson,https://ak-static.cms.nba.com/wp-content/uploads/headshots/nba/latest/260x190/1641796.png
1631170,Jaime Jaquez Jr.,https://ak-static.cms.nba.com/wp-content/uploads/headshots/nba/latest/260x190/1631170.png
1630696,Dru Smith,https://ak-static.cms.nba.com/wp-content/uploads/headshots/nba/latest/260x190/1630696.png
1628389,Bam Adebayo,https://ak-static.cms.nba.com/wp-content/uploads/headshots/nba/latest/260x190/1628389.png
1629639,Tyler Herro,https://ak-static.cms.nba.com/wp-content/uploads/headshots/nba/latest/260x190/1629639.png
1642352,Keshad Johnson,https://ak-static.cms.nba.com/wp-content/uploads/headshots/nba/latest/260x190/1642352.png
202692,Alec Burks,https://ak-static.cms.nba.com/wp-content/uploads/headshots/nba/latest/260x190/202692.png
202710,Jimmy Butler,https://ak-static.cms.nba.com/wp-content/uploads/headshots/nba/latest/260x190/202710.png
1629312,Haywood Highsmith,https://ak-static.cms.nba.com/wp-content/uploads/headshots/nba/latest/260x190/1629312.png
201567,Kevin Love,https://ak-static.cms.nba.com/wp-content/uploads/headshots/nba/latest/260x190/201567.png
1629130,Duncan Robinson,https://ak-static.cms.nba.com/wp-content/uploads/headshots/nba/latest/260x190/1629130.png
203081,Damian Lillard,https://ak-static.cms.nba.com/wp-content/uploads/headshots/nba/latest/260x190/203081.png
1630699,MarJon Beauchamp,https://ak-static.cms.nba.com/wp-content/uploads/headshots/nba/latest/260x190/1630699.png
1629018,Gary Trent Jr.,https://ak-static.cms.nba.com/wp-content/uploads/headshots/nba/latest/260x190/1629018.png
1641753,Chris Livingston,https://ak-static.cms.nba.com/wp-content/uploads/headshots/nba/latest/260x190/1641753.png
1626171,Bobby Portis,https://ak-static.cms.nba.com/wp-content/uploads/headshots/nba/latest/260x190/1626171.png
201572,Brook Lopez,https://ak-static.cms.nba.com/wp-content/uploads/headshots/nba/latest/260x190/201572.png
1627752,Taurean Prince,https://ak-static.cms.nba.com/wp-content/uploads/headshots/nba/latest/260x190/1627752.png
1631157,Ryan Rollins,https://ak-static.cms.nba.com/wp-content/uploads/headshots/nba/latest/260x190/1631157.png
1641857,Liam Robbins,https://ak-static.cms.nba.com/wp-content/uploads/headshots/nba/latest/260x190/1641857.png
1630649,Stanley Umude,https://ak-static.cms.nba.com/wp-content/uploads/headshots/nba/latest/260x190/1630649.png
1631260,AJ Green,https://ak-static.cms.nba.com/wp-content/uploads/headshots/nba/latest/260x190/1631260.png
1641890,Tyler Smith,https://ak-static.cms.nba.com/wp-content/uploads/headshots/nba/latest/260x190/1641890.png
203114,Khris Middleton,https://ak-static.cms.nba.com/wp-content/uploads/headshots/nba/latest/260x190/203114.png
1626192,Pat Connaughton,https://ak-static.cms.nba.com/wp-content/uploads/headshots/nba/latest/260x190/1626192.png
203507,Giannis Antetokounmpo,https://ak-static.cms.nba.com/wp-content/uploads/headshots/nba/latest/260x190/203507.png
1641748,Andre Jackson Jr.,https://ak-static.cms.nba.com/wp-content/uploads/headshots/nba/latest/260x190/1641748.png
1626153,Delon Wright,https://ak-static.cms.nba.com/wp-content/uploads/headshots/nba/latest/260x190/1626153.png
1642358,AJ Johnson,https://ak-static.cms.nba.com/wp-content/uploads/headshots/nba/latest/260x190/1642358.png
1630545,Terrence Shannon Jr.,https://ak-static.cms.nba.com/wp-content/uploads/headshots/nba/latest/260x190/1630545.png
1628978,Donte DiVincenzo,https://ak-static.cms.nba.com/wp-content/uploads/headshots/nba/latest/260x190/1628978.png
1630183,Jaden McDaniels,https://ak-static.cms.nba.com/wp-content/uploads/headshots/nba/latest/260x190/1630183.png
1642265,Rob Dillingham,https://ak-static.cms.nba.com/wp-content/uploads/headshots/nba/latest/260x190/1642265.png
1630162,Anthony Edwards,https://ak-static.cms.nba.com/wp-content/uploads/headshots/nba/latest/260x190/1630162.png
204060,Joe Ingles,https://ak-static.cms.nba.com/wp-content/uploads/headshots/nba/latest/260x190/204060.png
1631169,Josh Minott,https://ak-static.cms.nba.com/wp-content/uploads/headshots/nba/latest/260x190/1631169.png
1629638,Nickeil Alexander-Walker,https://ak-static.cms.nba.com/wp-content/uploads/headshots/nba/latest/260x190/1629638.png
201144,Mike Conley,https://ak-static.cms.nba.com/wp-content/uploads/headshots/nba/latest/260x190/201144.png
1629675,Naz Reid,https://ak-static.cms.nba.com/wp-content/uploads/headshots/nba/latest/260x190/1629675.png
1641803,Tristen Newton,https://ak-static.cms.nba.com/wp-content/uploads/headshots/nba/latest/260x190/1641803.png
1642399,Jesse Edwards,https://ak-static.cms.nba.com/wp-content/uploads/headshots/nba/latest/260x190/1642399.png
1641740,Jaylen Clark,https://ak-static.cms.nba.com/wp-content/uploads/headshots/nba/latest/260x190/1641740.png
203497,Rudy Gobert,https://ak-static.cms.nba.com/wp-content/uploads/headshots/nba/latest/260x190/203497.png
203944,Julius Randle,https://ak-static.cms.nba.com/wp-content/uploads/headshots/nba/latest/260x190/203944.png
1631159,Leonard Miller,https://ak-static.cms.nba.com/wp-content/uploads/headshots/nba/latest/260x190/1631159.png
1630568,Luka Garza,https://ak-static.cms.nba.com/wp-content/uploads/headshots/nba/latest/260x190/1630568.png
1631232,Keion Brooks Jr.,https://ak-static.cms.nba.com/wp-content/uploads/headshots/nba/latest/260x190/1631232.png
1629627,Zion Williamson,https://ak-static.cms.nba.com/wp-content/uploads/headshots/nba/latest/260x190/1629627.png
1630529,Herbert Jones,https://ak-static.cms.nba.com/wp-content/uploads/headshots/nba/latest/260x190/1630529.png
203468,CJ McCollum,https://ak-static.cms.nba.com/wp-content/uploads/headshots/nba/latest/260x190/203468.png
1629750,Javonte Green,https://ak-static.cms.nba.com/wp-content/uploads/headshots/nba/latest/260x190/1629750.png
1627749,Dejounte Murray,https://ak-static.cms.nba.com/wp-content/uploads/headshots/nba/latest/260x190/1627749.png
1631288,Jamal Cain,https://ak-static.cms.nba.com/wp-content/uploads/headshots/nba/latest/260x190/1631288.png
1628464,Daniel Theis,https://ak-static.cms.nba.com/wp-content/uploads/headshots/nba/latest/260x190/1628464.png
1630527,Brandon Boston,https://ak-static.cms.nba.com/wp-content/uploads/headshots/nba/latest/260x190/1630527.png
1641810,Antonio Reeves,https://ak-static.cms.nba.com/wp-content/uploads/headshots/nba/latest/260x190/1641810.png
1627742,Brandon Ingram,https://ak-static.cms.nba.com/wp-content/uploads/headshots/nba/latest/260x190/1627742.png
1630631,Jose Alvarado,https://ak-static.cms.nba.com/wp-content/uploads/headshots/nba/latest/260x190/1630631.png
1631255,Karlo Matković,https://ak-static.cms.nba.com/wp-content/uploads/headshots/nba/latest/260x190/1631255.png
1642274,Yves Missi,https://ak-static.cms.nba.com/wp-content/uploads/headshots/nba/latest/260x190/1642274.png
1641722,Jordan Hawkins,https://ak-static.cms.nba.com/wp-content/uploads/headshots/nba/latest/260x190/1641722.png
1630530,Trey Murphy III,https://ak-static.cms.nba.com/wp-content/uploads/headshots/nba/latest/260x190/1630530.png
1630526,Jeremiah Robinson-Earl,https://ak-static.cms.nba.com/wp-content/uploads/headshots/nba/latest/260x190/1630526.png
1631210,Jacob Toppin,https://ak-static.cms.nba.com/wp-content/uploads/headshots/nba/latest/260x190/1631210.png
1626166,Cameron Payne,https://ak-static.cms.nba.com/wp-content/uploads/headshots/nba/latest/260x190/1626166.png
1630540,Miles McBride,https://ak-static.cms.nba.com/wp-content/uploads/headshots/nba/latest/260x190/1630540.png
1628404,Josh Hart,https://ak-static.cms.nba.com/wp-content/uploads/headshots/nba/latest/260x190/1628404.png
1642359,Pacome Dadiet,https://ak-static.cms.nba.com/wp-content/uploads/headshots/nba/latest/260x190/1642359.png
1630173,Precious Achiuwa,https://ak-static.cms.nba.com/wp-content/uploads/headshots/nba/latest/260x190/1630173.png
1628384,OG Anunoby,https://ak-static.cms.nba.com/wp-content/uploads/headshots/nba/latest/260x190/1628384.png
1641755,Kevin McCullar Jr.,https://ak-static.cms.nba.com/wp-content/uploads/headshots/nba/latest/260x190/1641755.png
1628973,Jalen Brunson,https://ak-static.cms.nba.com/wp-content/uploads/headshots/nba/latest/260x190/1628973.png
1642278,Tyler Kolek,https://ak-static.cms.nba.com/wp-content/uploads/headshots/nba/latest/260x190/1642278.png
1630579,Jericho Sims,https://ak-static.cms.nba.com/wp-content/uploads/headshots/nba/latest/260x190/1630579.png
1629011,Mitchell Robinson,https://ak-static.cms.nba.com/wp-content/uploads/headshots/nba/latest/260x190/1629011.png
1628969,Mikal Bridges,https://ak-static.cms.nba.com/wp-content/uploads/headshots/nba/latest/260x190/1628969.png
1626157,Karl-Anthony Towns,https://ak-static.cms.nba.com/wp-content/uploads/headshots/nba/latest/260x190/1626157.png
1630346,Matt Ryan,https://ak-static.cms.nba.com/wp-content/uploads/headshots/nba/latest/260x190/1630346.png
1629013,Landry Shamet,https://ak-static.cms.nba.com/wp-content/uploads/headshots/nba/latest/260x190/1629013.png
1630574,Ariel Hukporti,https://ak-static.cms.nba.com/wp-content/uploads/headshots/nba/latest/260x190/1630574.png
1628983,Shai Gilgeous-Alexander,https://ak-static.cms.nba.com/wp-content/uploads/headshots/nba/latest/260x190/1628983.png
1641794,Dillon Jones,https://ak-static.cms.nba.com/wp-content/uploads/headshots/nba/latest/260x190/1641794.png
1629652,Luguentz Dort,https://ak-static.cms.nba.com/wp-content/uploads/headshots/nba/latest/260x190/1629652.png
1631119,Jaylin Williams,https://ak-static.cms.nba.com/wp-content/uploads/headshots/nba/latest/260x190/1631119.png
1631096,Chet Holmgren,https://ak-static.cms.nba.com/wp-content/uploads/headshots/nba/latest/260x190/1631096.png
1631114,Jalen Williams,https://ak-static.cms.nba.com/wp-content/uploads/headshots/nba/latest/260x190/1631114.png
1627936,Alex Caruso,https://ak-static.cms.nba.com/wp-content/uploads/headshots/nba/latest/260x190/1627936.png
1630198,Isaiah Joe,https://ak-static.cms.nba.com/wp-content/uploads/headshots/nba/latest/260x190/1630198.png
1631172,Ousmane Dieng,https://ak-static.cms.nba.com/wp-content/uploads/headshots/nba/latest/260x190/1631172.png
1641745,Adam Flagler,https://ak-static.cms.nba.com/wp-content/uploads/headshots/nba/latest/260x190/1641745.png
1642382,Branden Carlson,https://ak-static.cms.nba.com/wp-content/uploads/headshots/nba/latest/260x190/1642382.png
1630598,Aaron Wiggins,https://ak-static.cms.nba.com/wp-content/uploads/headshots/nba/latest/260x190/1630598.png
1641717,Cason Wallace,https://ak-static.cms.nba.com/wp-content/uploads/headshots/nba/latest/260x190/1641717.png
1642349,Ajay Mitchell,https://ak-static.cms.nba.com/wp-content/uploads/headshots/nba/latest/260x190/1642349.png
1629026,Kenrich Williams,https://ak-static.cms.nba.com/wp-content/uploads/headshots/nba/latest/260x190/1629026.png
1642260,Nikola Topić,https://ak-static.cms.nba.com/wp-content/uploads/headshots/nba/latest/260x190/1642260.png
1628392,Isaiah Hartenstein,https://ak-static.cms.nba.com/wp-content/uploads/headshots/nba/latest/260x190/1628392.png
1642505,Alex Ducas,https://ak-static.cms.nba.com/wp-content/uploads/headshots/nba/latest/260x190/1642505.png
1641710,Anthony Black,https://ak-static.cms.nba.com/wp-content/uploads/headshots/nba/latest/260x190/1641710.png
1628371,Jonathan Isaac,https://ak-static.cms.nba.com/wp-content/uploads/headshots/nba/latest/260x190/1628371.png
1631216,Caleb Houstan,https://ak-static.cms.nba.com/wp-content/uploads/headshots/nba/latest/260x190/1631216.png
203484,Kentavious Caldwell-Pope,https://ak-static.cms.nba.com/wp-content/uploads/headshots/nba/latest/260x190/203484.png
1630591,Jalen Suggs,https://ak-static.cms.nba.com/wp-content/uploads/headshots/nba/latest/260x190/1630591.png
1631094,Paolo Banchero,https://ak-static.cms.nba.com/wp-content/uploads/headshots/nba/latest/260x190/1631094.png
1630644,Mac McClung,https://ak-static.cms.nba.com/wp-content/uploads/headshots/nba/latest/260x190/1630644.png
202709,Cory Joseph,https://ak-static.cms.nba.com/wp-content/uploads/headshots/nba/latest/260x190/202709.png
1630243,Trevelin Queen,https://ak-static.cms.nba.com/wp-content/uploads/headshots/nba/latest/260x190/1630243.png
1641724,Jett Howard,https://ak-static.cms.nba.com/wp-content/uploads/headshots/nba/latest/260x190/1641724.png
203914,Gary Harris,https://ak-static.cms.nba.com/wp-content/uploads/headshots/nba/latest/260x190/203914.png
1629021,Moritz Wagner,https://ak-static.cms.nba.com/wp-content/uploads/headshots/nba/latest/260x190/1629021.png
1630532,Franz Wagner,https://ak-static.cms.nba.com/wp-content/uploads/headshots/nba/latest/260x190/1630532.png
1641783,Tristan da Silva,https://ak-static.cms.nba.com/wp-content/uploads/headshots/nba/latest/260x190/1641783.png
1628976,Wendell Carter Jr.,https://ak-static.cms.nba.com/wp-content/uploads/headshots/nba/latest/260x190/1628976.png
1629048,Goga Bitadze,https://ak-static.cms.nba.com/wp-content/uploads/headshots/nba/latest/260x190/1629048.png
1630175,Cole Anthony,https://ak-static.cms.nba.com/wp-content/uploads/headshots/nba/latest/260x190/1630175.png
1630178,Tyrese Maxey,https://ak-static.cms.nba.com/wp-content/uploads/headshots/nba/latest/260x190/1630178.png
202704,Reggie Jackson,https://ak-static.cms.nba.com/wp-content/uploads/headshots/nba/latest/260x190/202704.png
1630231,KJ Martin,https://ak-static.cms.nba.com/wp-content/uploads/headshots/nba/latest/260x190/1630231.png
203083,Andre Drummond,https://ak-static.cms.nba.com/wp-content/uploads/headshots/nba/latest/260x190/203083.png
200768,Kyle Lowry,https://ak-static.cms.nba.com/wp-content/uploads/headshots/nba/latest/260x190/200768.png
202331,Paul George,https://ak-static.cms.nba.com/wp-content/uploads/headshots/nba/latest/260x190/202331.png
1626162,Kelly Oubre Jr.,https://ak-static.cms.nba.com/wp-content/uploads/headshots/nba/latest/260x190/1626162.png
1630288,Jeff Dowtin Jr.,https://ak-static.cms.nba.com/wp-content/uploads/headshots/nba/latest/260x190/1630288.png
1641741,Ricky Council IV,https://ak-static.cms.nba.com/wp-content/uploads/headshots/nba/latest/260x190/1641741.png
1628997,Caleb Martin,https://ak-static.cms.nba.com/wp-content/uploads/headshots/nba/latest/260x190/1628997.png
1642348,Justin Edwards,https://ak-static.cms.nba.com/wp-content/uploads/headshots/nba/latest/260x190/1642348.png
1642272,Jared McCain,https://ak-static.cms.nba.com/wp-content/uploads/headshots/nba/latest/260x190/1642272.png
203954,Joel Embiid,https://ak-static.cms.nba.com/wp-content/uploads/headshots/nba/latest/260x190/203954.png
1631250,Pete Nance,https://ak-static.cms.nba.com/wp-content/uploads/headshots/nba/latest/260x190/1631250.png
201569,Eric Gordon,https://ak-static.cms.nba.com/wp-content/uploads/headshots/nba/latest/260x190/201569.png
1627824,Guerschon Yabusele,https://ak-static.cms.nba.com/wp-content/uploads/headshots/nba/latest/260x190/1627824.png
1641737,Adem Bona,https://ak-static.cms.nba.com/wp-content/uploads/headshots/nba/latest/260x190/1641737.png
1626220,Royce O'Neale,https://ak-static.cms.nba.com/wp-content/uploads/headshots/nba/latest/260x190/1626220.png
1642346,Ryan Dunn,https://ak-static.cms.nba.com/wp-content/uploads/headshots/nba/latest/260x190/1642346.png
1626164,Devin Booker,https://ak-static.cms.nba.com/wp-content/uploads/headshots/nba/latest/260x190/1626164.png
1629006,Josh Okogie,https://ak-static.cms.nba.com/wp-content/uploads/headshots/nba/latest/260x190/1629006.png
203078,Bradley Beal,https://ak-static.cms.nba.com/wp-content/uploads/headshots/nba/latest/260x190/203078.png
1642345,Oso Ighodaro,https://ak-static.cms.nba.com/wp-content/uploads/headshots/nba/latest/260x190/1642345.png
1628960,Grayson Allen,https://ak-static.cms.nba.com/wp-content/uploads/headshots/nba/latest/260x190/1628960.png
1627814,Damion Lee,https://ak-static.cms.nba.com/wp-content/uploads/headshots/nba/latest/260x190/1627814.png
1629626,Bol Bol,https://ak-static.cms.nba.com/wp-content/uploads/headshots/nba/latest/260x190/1629626.png
1631221,Collin Gillespie,https://ak-static.cms.nba.com/wp-content/uploads/headshots/nba/latest/260x190/1631221.png
1631102,TyTy Washington Jr.,https://ak-static.cms.nba.com/wp-content/uploads/headshots/nba/latest/260x190/1631102.png
1641779,Jalen Bridges,https://ak-static.cms.nba.com/wp-content/uploads/headshots/nba/latest/260x190/1641779.png
203994,Jusuf Nurkić,https://ak-static.cms.nba.com/wp-content/uploads/headshots/nba/latest/260x190/203994.png
1626145,Tyus Jones,https://ak-static.cms.nba.com/wp-content/uploads/headshots/nba/latest/260x190/1626145.png
203486,Mason Plumlee,https://ak-static.cms.nba.com/wp-content/uploads/headshots/nba/latest/260x190/203486.png
1628420,Monté Morris,https://ak-static.cms.nba.com/wp-content/uploads/headshots/nba/latest/260x190/1628420.png
201142,Kevin Durant,https://ak-static.cms.nba.com/wp-content/uploads/headshots/nba/latest/260x190/201142.png
1630703,Scoot Henderson,https://ak-static.cms.nba.com/wp-content/uploads/headshots/nba/latest/260x190/1630703.png
1629014,Anfernee Simons,https://ak-static.cms.nba.com/wp-content/uploads/headshots/nba/latest/260x190/1629014.png
1629028,Deandre Ayton,https://ak-static.cms.nba.com/wp-content/uploads/headshots/nba/latest/260x190/1629028.png
1629680,Matisse Thybulle,https://ak-static.cms.nba.com/wp-content/uploads/headshots/nba/latest/260x190/1629680.png
1630625,Dalano Banton,https://ak-static.cms.nba.com/wp-content/uploads/headshots/nba/latest/260x190/1630625.png
1630166,Deni Avdija,https://ak-static.cms.nba.com/wp-content/uploads/headshots/nba/latest/260x190/1630166.png
203924,Jerami Grant,https://ak-static.cms.nba.com/wp-content/uploads/headshots/nba/latest/260x190/203924.png
1631303,Justin Minaya,https://ak-static.cms.nba.com/wp-content/uploads/headshots/nba/latest/260x190/1631303.png
1631121,Bryce McGowens,https://ak-static.cms.nba.com/wp-content/uploads/headshots/nba/latest/260x190/1631121.png
1631101,Shaedon Sharpe,https://ak-static.cms.nba.com/wp-content/uploads/headshots/nba/latest/260x190/1631101.png
1641712,Rayan Rupert,https://ak-static.cms.nba.com/wp-content/uploads/headshots/nba/latest/260x190/1641712.png
1642270,Donovan Clingan,https://ak-static.cms.nba.com/wp-content/uploads/headshots/nba/latest/260x190/1642270.png
1631200,Kris Murray,https://ak-static.cms.nba.com/wp-content/uploads/headshots/nba/latest/260x190/1631200.png
1641871,Duop Reath,https://ak-static.cms.nba.com/wp-content/uploads/headshots/nba/latest/260x190/1641871.png
1641739,Toumani Camara,https://ak-static.cms.nba.com/wp-content/uploads/headshots/nba/latest/260x190/1641739.png
1631133,Jabari Walker,https://ak-static.cms.nba.com/wp-content/uploads/headshots/nba/latest/260x190/1631133.png
1629057,Robert Williams III,https://ak-static.cms.nba.com/wp-content/uploads/headshots/nba/latest/260x190/1629057.png
1631386,Tazé Moore,https://ak-static.cms.nba.com/wp-content/uploads/headshots/nba/latest/260x190/1631386.png
1628370,Malik Monk,https://ak-static.cms.nba.com/wp-content/uploads/headshots/nba/latest/260x190/1628370.png
1629162,Jordan McLaughlin,https://ak-static.cms.nba.com/wp-content/uploads/headshots/nba/latest/260x190/1629162.png
1628368,De'Aaron Fox,https://ak-static.cms.nba.com/wp-content/uploads/headshots/nba/latest/260x190/1628368.png
203926,Doug McDermott,https://ak-static.cms.nba.com/wp-content/uploads/headshots/nba/latest/260x190/203926.png
1630222,Mason Jones,https://ak-static.cms.nba.com/wp-content/uploads/headshots/nba/latest/260x190/1630222.png
1628989,Kevin Huerter,https://ak-static.cms.nba.com/wp-content/uploads/headshots/nba/latest/260x190/1628989.png
201942,DeMar DeRozan,https://ak-static.cms.nba.com/wp-content/uploads/headshots/nba/latest/260x190/201942.png
1627734,Domantas Sabonis,https://ak-static.cms.nba.com/wp-content/uploads/headshots/nba/latest/260x190/1627734.png
1631099,Keegan Murray,https://ak-static.cms.nba.com/wp-content/uploads/headshots/nba/latest/260x190/1631099.png
1642403,Isaac Jones,https://ak-static.cms.nba.com/wp-content/uploads/headshots/nba/latest/260x190/1642403.png
1641732,Colby Jones,https://ak-static.cms.nba.com/wp-content/uploads/headshots/nba/latest/260x190/1641732.png
1642269,Devin Carter,https://ak-static.cms.nba.com/wp-content/uploads/headshots/nba/latest/260x190/1642269.png
1631165,Keon Ellis,https://ak-static.cms.nba.com/wp-content/uploads/headshots/nba/latest/260x190/1631165.png
1642384,Isaiah Crawford,https://ak-static.cms.nba.com/wp-content/uploads/headshots/nba/latest/260x190/1642384.png
203458,Alex Len,https://ak-static.cms.nba.com/wp-content/uploads/headshots/nba/latest/260x190/203458.png
1626168,Trey Lyles,https://ak-static.cms.nba.com/wp-content/uploads/headshots/nba/latest/260x190/1626168.png
203109,Jae Crowder,https://ak-static.cms.nba.com/wp-content/uploads/headshots/nba/latest/260x190/203109.png
1629640,Keldon Johnson,https://ak-static.cms.nba.com/wp-content/uploads/headshots/nba/latest/260x190/1629640.png
1641705,Victor Wembanyama,https://ak-static.cms.nba.com/wp-content/uploads/headshots/nba/latest/260x190/1641705.png
101108,Chris Paul,https://ak-static.cms.nba.com/wp-content/uploads/headshots/nba/latest/260x190/101108.png
1642264,Stephon Castle,https://ak-static.cms.nba.com/wp-content/uploads/headshots/nba/latest/260x190/1642264.png
1630561,David Duke Jr.,https://ak-static.cms.nba.com/wp-content/uploads/headshots/nba/latest/260x190/1630561.png
1631110,Jeremy Sochan,https://ak-static.cms.nba.com/wp-content/uploads/headshots/nba/latest/260x190/1631110.png
1631104,Blake Wesley,https://ak-static.cms.nba.com/wp-content/uploads/headshots/nba/latest/260x190/1631104.png
1631103,Malaki Branham,https://ak-static.cms.nba.com/wp-content/uploads/headshots/nba/latest/260x190/1631103.png
1628380,Zach Collins,https://ak-static.cms.nba.com/wp-content/uploads/headshots/nba/latest/260x190/1628380.png
1630170,Devin Vassell,https://ak-static.cms.nba.com/wp-content/uploads/headshots/nba/latest/260x190/1630170.png
1631321,Sidy Cissoko,https://ak-static.cms.nba.com/wp-content/uploads/headshots/nba/latest/260x190/1631321.png
1642434,Riley Minix,https://ak-static.cms.nba.com/wp-content/uploads/headshots/nba/latest/260x190/1642434.png
1629646,Charles Bassey,https://ak-static.cms.nba.com/wp-content/uploads/headshots/nba/latest/260x190/1629646.png
1630577,Julian Champagnie,https://ak-static.cms.nba.com/wp-content/uploads/headshots/nba/latest/260x190/1630577.png
1630200,Tre Jones,https://ak-static.cms.nba.com/wp-content/uploads/headshots/nba/latest/260x190/1630200.png
203084,Harrison Barnes,https://ak-static.cms.nba.com/wp-content/uploads/headshots/nba/latest/260x190/203084.png
1630572,Sandro Mamukelashvili,https://ak-static.cms.nba.com/wp-content/uploads/headshots/nba/latest/260x190/1630572.png
1631127,Harrison Ingram,https://ak-static.cms.nba.com/wp-content/uploads/headshots/nba/latest/260x190/1631127.png
1630639,A.J. Lawson,https://ak-static.cms.nba.com/wp-content/uploads/headshots/nba/latest/260x190/1630639.png
1641711,Gradey Dick,https://ak-static.cms.nba.com/wp-content/uploads/headshots/nba/latest/260x190/1641711.png
1642367,Jonathan Mogbo,https://ak-static.cms.nba.com/wp-content/uploads/headshots/nba/latest/260x190/1642367.png
1630567,Scottie Barnes,https://ak-static.cms.nba.com/wp-content/uploads/headshots/nba/latest/260x190/1630567.png
1630193,Immanuel Quickley,https://ak-static.cms.nba.com/wp-content/uploads/headshots/nba/latest/260x190/1630193.png
1629628,RJ Barrett,https://ak-static.cms.nba.com/wp-content/uploads/headshots/nba/latest/260x190/1629628.png
1628971,Bruce Brown,https://ak-static.cms.nba.com/wp-content/uploads/headshots/nba/latest/260x190/1628971.png
1642266,Ja'Kobe Walter,https://ak-static.cms.nba.com/wp-content/uploads/headshots/nba/latest/260x190/1642266.png
202066,Garrett Temple,https://ak-static.cms.nba.com/wp-content/uploads/headshots/nba/latest/260x190/202066.png
1627751,Jakob Poeltl,https://ak-static.cms.nba.com/wp-content/uploads/headshots/nba/latest/260x190/1627751.png
1642279,Ulrich Chomche,https://ak-static.cms.nba.com/wp-content/uploads/headshots/nba/latest/260x190/1642279.png
1642347,Jamal Shead,https://ak-static.cms.nba.com/wp-content/uploads/headshots/nba/latest/260x190/1642347.png
1628449,Chris Boucher,https://ak-static.cms.nba.com/wp-content/uploads/headshots/nba/latest/260x190/1628449.png
1630534,Ochai Agbaji,https://ak-static.cms.nba.com/wp-content/uploads/headshots/nba/latest/260x190/1630534.png
203482,Kelly Olynyk,https://ak-static.cms.nba.com/wp-content/uploads/headshots/nba/latest/260x190/203482.png
1630558,Davion Mitchell,https://ak-static.cms.nba.com/wp-content/uploads/headshots/nba/latest/260x190/1630558.png
1642419,Jamison Battle,https://ak-static.cms.nba.com/wp-content/uploads/headshots/nba/latest/260x190/1642419.png
1630647,Eugene Omoruyi,https://ak-static.cms.nba.com/wp-content/uploads/headshots/nba/latest/260x190/1630647.png
1641989,Elijah Harkless,https://ak-static.cms.nba.com/wp-content/uploads/headshots/nba/latest/260x190/1641989.png
203903,Jordan Clarkson,https://ak-static.cms.nba.com/wp-content/uploads/headshots/nba/latest/260x190/203903.png
1641707,Taylor Hendricks,https://ak-static.cms.nba.com/wp-content/uploads/headshots/nba/latest/260x190/1641707.png
1629012,Collin Sexton,https://ak-static.cms.nba.com/wp-content/uploads/headshots/nba/latest/260x190/1629012.png
1641718,Keyonte George,https://ak-static.cms.nba.com/wp-content/uploads/headshots/nba/latest/260x190/1641718.png
1642262,Cody Williams,https://ak-static.cms.nba.com/wp-content/uploads/headshots/nba/latest/260x190/1642262.png
201988,Patty Mills,https://ak-static.cms.nba.com/wp-content/uploads/headshots/nba/latest/260x190/201988.png
1642268,Isaiah Collier,https://ak-static.cms.nba.com/wp-content/uploads/headshots/nba/latest/260x190/1642268.png
1629234,Drew Eubanks,https://ak-static.cms.nba.com/wp-content/uploads/headshots/nba/latest/260x190/1629234.png
1629004,Svi Mykhailiuk,https://ak-static.cms.nba.com/wp-content/uploads/headshots/nba/latest/260x190/1629004.png
1628381,John Collins,https://ak-static.cms.nba.com/wp-content/uploads/headshots/nba/latest/260x190/1628381.png
1642271,Kyle Filipowski,https://ak-static.cms.nba.com/wp-content/uploads/headshots/nba/latest/260x190/1642271.png
1628374,Lauri Markkanen,https://ak-static.cms.nba.com/wp-content/uploads/headshots/nba/latest/260x190/1628374.png
1631117,Walker Kessler,https://ak-static.cms.nba.com/wp-content/uploads/headshots/nba/latest/260x190/1631117.png
1630695,Micah Potter,https://ak-static.cms.nba.com/wp-content/uploads/headshots/nba/latest/260x190/1630695.png
1641729,Brice Sensabaugh,https://ak-static.cms.nba.com/wp-content/uploads/headshots/nba/latest/260x190/1641729.png
1630548,Johnny Juzang,https://ak-static.cms.nba.com/wp-content/uploads/headshots/nba/latest/260x190/1630548.png
1631131,Oscar Tshiebwe,https://ak-static.cms.nba.com/wp-content/uploads/headshots/nba/latest/260x190/1631131.png
1641731,Bilal Coulibaly,https://ak-static.cms.nba.com/wp-content/uploads/headshots/nba/latest/260x190/1641731.png
1641774,Tristan Vukcevic,https://ak-static.cms.nba.com/wp-content/uploads/headshots/nba/latest/260x190/1641774.png
1631098,Johnny Davis,https://ak-static.cms.nba.com/wp-content/uploads/headshots/nba/latest/260x190/1631098.png
1630215,Jared Butler,https://ak-static.cms.nba.com/wp-content/uploads/headshots/nba/latest/260x190/1630215.png
1631116,Patrick Baldwin Jr.,https://ak-static.cms.nba.com/wp-content/uploads/headshots/nba/latest/260x190/1631116.png
1642267,Carlton Carrington,https://ak-static.cms.nba.com/wp-content/uploads/headshots/nba/latest/260x190/1642267.png
1630551,Justin Champagnie,https://ak-static.cms.nba.com/wp-content/uploads/headshots/nba/latest/260x190/1630551.png
1629673,Jordan Poole,https://ak-static.cms.nba.com/wp-content/uploads/headshots/nba/latest/260x190/1629673.png
1630180,Saddiq Bey,https://ak-static.cms.nba.com/wp-content/uploads/headshots/nba/latest/260x190/1630180.png
1627763,Malcolm Brogdon,https://ak-static.cms.nba.com/wp-content/uploads/headshots/nba/latest/260x190/1627763.png
1630264,Anthony Gill,https://ak-static.cms.nba.com/wp-content/uploads/headshots/nba/latest/260x190/1630264.png
202685,Jonas Valančiūnas,https://ak-static.cms.nba.com/wp-content/uploads/headshots/nba/latest/260x190/202685.png
1642273,Kyshawn George,https://ak-static.cms.nba.com/wp-content/uploads/headshots/nba/latest/260x190/1642273.png
1642259,Alexandre Sarr,https://ak-static.cms.nba.com/wp-content/uploads/headshots/nba/latest/260x190/1642259.png
1626158,Richaun Holmes,https://ak-static.cms.nba.com/wp-content/uploads/headshots/nba/latest/260x190/1626158.png
1630557,Corey Kispert,https://ak-static.cms.nba.com/wp-content/uploads/headshots/nba/latest/260x190/1630557.png
1628398,Kyle Kuzma,https://ak-static.cms.nba.com/wp-content/uploads/headshots/nba/latest/260x190/1628398.png
1628963,Marvin Bagley III,https://ak-static.cms.nba.com/wp-content/uploads/headshots/nba/latest/260x190/1628963.png
